Metric,Baseline Model,Fair Model
Accuracy,0.808,0.8083333333333333
Precision,0.6889848812095032,0.6911447084233261
Recall,0.24039186134137153,0.24114544084400905
Demographic Parity Difference,0.024747072455370014,0.008085026420913827
Equalized Odds Difference,0.03131297617551651,0.007048677529402442
